"rgn_id","trend.score"
1,0.878752913498073
2,0.878752913498073
6,0.878752913498073
