"saup_id","rgn_id","prop_area"
218,1,0.0727437544638037
218,2,0.126172830758311
218,6,0.0216798905972768
219,1,0.257015613602261
219,2,0.445789301862576
219,6,0.0765986087157706
