"rgn_id","resilience.score"
1,0.821620938781596
2,0.821620938781596
6,0.821620938781596
