"rgn_id","pressure_score"
1,0.432157556038898
2,0.432157556038898
6,0.432157556038898
