"rgn_id","area_km2"
1,13765.0519124179
2,13765.0519124179
6,13765.0519124179
