"rgn_id","score"
1,0.824533697495568
2,0.824533697495568
6,0.824533697495568
