"rgn_id","score"
1,0.356717169413023
2,0.356717169413023
6,0.356717169413023
