rgn_id,year,value
1,2010,0.478220431314414
2,2010,0.475250220249097
6,2010,0.690231532543976
