rgn_id,value
1,1
2,0.891268533772652
6,0.891268533772652
