"rgn_id","pressure_score"
1,0.662759
2,0.662759
6,0.662759
