"rgn_id","pressure_score"
1,0.0550914899796689
2,0.0550914899796689
6,0.0550914899796689
