"rgn_id","pressure_score"
1,0.766922988364139
2,0.766922988364139
6,0.766922988364139
