"rgn_id","trend"
1,0.0772183468722616
2,0.0772183468722616
6,0.0772183468722616
