"rgn_id","trend"
1,0.00229356723971744
2,0.00229356723971744
6,0.00229356723971744
