"rgn_id","resilience.score"
1,0.792256401457733
2,0.792256401457733
6,0.792256401457733
