"rgn_id","resilience.score"
1,0.733135277906769
2,0.733135277906769
6,0.733135277906769
