"rgn_id","pressure_score"
1,0.0127413066006918
2,0.0127413066006918
6,0.0127413066006918
