"rgn_id","pressure_score"
1,0.0243884852059418
2,0.0243884852059418
6,0.0243884852059418
