"rgn_id","pressure_score"
1,0.0893947419684834
2,0.0893947419684834
6,0.0893947419684834
