"rgn_id","w_fis"
1,0.469560954444571
2,0.469560954444571
6,0.469560954444571
