"rgn_id","resilience.score"
1,0.909090909090909
2,0.909090909090909
6,0.909090909090909
