"rgn_id","resilience.score"
1,0.954545454545454
2,0.954545454545454
6,0.954545454545454
