"rgn_id","pressure_score"
1,0.00842289845240123
2,0.0611715855864006
6,0.00507821596119815
