"rgn_id","pressures.score"
1,0.040082792
2,0.040082792
6,0.040082792
