"rgn_id","value"
1,0.0332416853571429
2,0.0332416853571429
6,0.0332416853571429
