"rgn_id","score"
1,0.597142857142857
2,0.597142857142857
6,0.597142857142857
