"rgn_id","resilience.score"
1,0.768636690874
2,0.768636690874
6,0.768636690874
