"rgn_id","score"
1,0.182184126332102
2,0.182184126332102
6,0.182184126332102
