"rgn_id","score"
1,0.168334869165867
2,0.168334869165867
6,0.168334869165867
