"rgn_id","pressure_score"
1,0.163320554724878
2,0.163320554724878
6,0.163320554724878
