"rgn_id","pressure_score"
1,0.0227785499911597
2,0.0227785499911597
6,0.0227785499911597
