"rgn_id","pressure_score"
1,0.00194659
2,0.00194659
6,0.00194659
