"rgn_id","pressure_score"
1,0.0856679
2,0.0856679
6,0.0856679
