"rgn_id","pressure_score"
1,0.606364341429434
2,0.606364341429434
6,0.606364341429434
