"rgn_id","area_km2"
1,2281.80426613893
2,2281.80426613893
6,2281.80426613893
