"rgn_id","pressures.score"
1,0.99999226
2,0.99999226
6,0.99999226
