"rgn_id","score"
1,0.911715178645145
2,0.911715178645145
6,0.911715178645145
