"rgn_id","score"
1,-0.231745771822033
2,-0.231745771822033
6,-0.231745771822033
