"rgn_id","score"
1,0.643282830586977
2,0.643282830586977
6,0.643282830586977
