"rgn_id","resilience.score"
1,0.888888888889
2,0.888888888889
6,0.888888888889
